{"train/loss": 5.2947, "train/grad_norm": 18.014484405517578, "train/learning_rate": 0.00019960556590336366, "train/epoch": 0.006002837075736083, "train/global_step": 694, "_timestamp": 1721059196.3403752, "_runtime": 2565.67755818367, "_step": 693}
