{"train/loss": 3.9296, "train/grad_norm": 9.620128631591797, "train/learning_rate": 0.0001934516703863255, "train/epoch": 0.032825312251323395, "train/global_step": 3795, "_timestamp": 1721069579.1713722, "_runtime": 10192.408368110657, "_step": 3794}
